{
  "batch_indices": [
    0.0,
    1.0,
    1.0,
    2.0,
    2.0,
    3.0,
    3.0,
    3.0,
    3.0,
    3.0,
    3.0,
    3.0,
    3.0,
    3.0,
    3.0,
    3.0,
    3.0,
    3.0,
    3.0,
    3.0,
    3.0,
    3.0,
    3.0,
    3.0
  ],
  "bboxes": [
    [
      0.6185843348503113,
      0.3745165467262268,
      0.7628313302993774,
      0.7139706611633301
    ],
    [
      0.4312838613986969,
      0.24779939651489258,
      0.8625677227973938,
      0.49559879302978516
    ],
    [
      0.4312838613986969,
      0.7958017587661743,
      0.8625677227973938,
      0.40839654207229614
    ],
    [
      0.36247479915618896,
      0.2342103272676468,
      0.6820360422134399,
      0.4684206545352936
    ],
    [
      0.36247479915618896,
      0.7696468234062195,
      0.6820360422134399,
      0.4607063829898834
    ],
    [
      0.48149681091308594,
      0.08301808685064316,
      0.19115057587623596,
      0.16603617370128632
    ],
    [
      0.14894676208496094,
      0.18995097279548645,
      0.11740054935216904,
      0.049074746668338776
    ],
    [
      0.9770010113716125,
      0.08301808685064316,
      0.04398851469159126,
      0.16603617370128632
    ],
    [
      0.7180320024490356,
      0.18995097279548645,
      0.11740054935216904,
      0.049074746668338776
    ],
    [
      0.31598180532455444,
      0.5211986303329468,
      0.5438229441642761,
      0.25416773557662964
    ],
    [
      0.46225038170814514,
      0.3327248692512512,
      0.28390246629714966,
      0.20334143936634064
    ],
    [
      0.405653178691864,
      0.5400497317314148,
      0.28119921684265137,
      0.21792392432689667
    ],
    [
      0.23627915978431702,
      0.40601223707199097,
      0.3863377571105957,
      0.33355513215065
    ],
    [
      0.41121476888656616,
      0.28379660844802856,
      0.06717882305383682,
      0.04137425497174263
    ],
    [
      0.4830970764160156,
      0.28262290358543396,
      0.05163560062646866,
      0.041498757898807526
    ],
    [
      0.42342790961265564,
      0.32406824827194214,
      0.07471008598804474,
      0.06269726902246475
    ],
    [
      0.4089515805244446,
      0.26103323698043823,
      0.08426041901111603,
      0.06319496780633926
    ],
    [
      0.8060754537582397,
      0.5211986303329468,
      0.3858397603034973,
      0.25416773557662964
    ],
    [
      0.9441898465156555,
      0.3327248692512512,
      0.10961093753576279,
      0.20334143936634064
    ],
    [
      0.9165670275688171,
      0.5400497317314148,
      0.16485652327537537,
      0.21792392432689667
    ],
    [
      0.8053644299507141,
      0.40601223707199097,
      0.3863377571105957,
      0.33355513215065
    ],
    [
      0.972852885723114,
      0.28379660844802856,
      0.05228471755981445,
      0.04137425497174263
    ],
    [
      0.9770767092704773,
      0.32406824827194214,
      0.04383716732263565,
      0.06269726902246475
    ],
    [
      0.9674509167671204,
      0.26103323698043823,
      0.0630887970328331,
      0.06319496780633926
    ]
  ],
  "classes": [
    22.0,
    22.0,
    22.0,
    22.0,
    22.0,
    23.0,
    23.0,
    23.0,
    23.0,
    45.0,
    45.0,
    50.0,
    45.0,
    49.0,
    49.0,
    49.0,
    49.0,
    45.0,
    45.0,
    50.0,
    45.0,
    49.0,
    49.0,
    49.0
  ],
  "image_shapes": [
    4,
    3,
    640,
    640
  ],
  "batch_size": 4
}